{"(0, 101)": 10.5, "(0, 122)": 10.299999999999999, "(1, 27)": 0.16666666666666652, "(1, 57)": 0.730496453900709, "(1, 120)": 3.333333333333333, "(2, 75)": 5.5, "(2, 130)": 6.333333333333332, "(3, 57)": 4.804255319148936, "(3, 66)": 36.509090909090915, "(3, 83)": 12.399999999999999, "(3, 97)": 1.8, "(3, 146)": 33.1, "(4, 24)": -0.125, "(4, 176)": 0.8, "(5, 10)": 3.0285714285714285, "(5, 53)": 5.607142857142856, "(5, 57)": 7.46352583586626, "(5, 135)": 5.607142857142856, "(5, 154)": 15.39285714285714, "(5, 162)": 3.9285714285714284, "(5, 176)": 14.928571428571427, "(6, 109)": 25.666666666666668, "(6, 149)": -1.0, "(6, 101)": 30.000000000000004, "(6, 122)": 26.2, "(7, 12)": 0, "(7, 57)": -0.9787234042553192, "(8, 28)": 1.15, "(8, 101)": 47.583333333333336, "(8, 109)": 47.583333333333336, "(8, 122)": 30.3, "(8, 158)": 10.666666666666666, "(8, 20)": 32.25, "(8, 65)": 2.125, "(8, 161)": 0, "(9, 148)": 0, "(10, 142)": 0, "(10, 154)": 2.55, "(10, 166)": 0, "(10, 73)": 0, "(11, 57)": 0, "(13, 150)": 0.8666666666666667, "(13, 48)": -0.3333333333333335, "(13, 67)": 1.0, "(14, 57)": 0, "(15, 57)": 0, "(16, 57)": 0, "(17, 57)": 0, "(18, 96)": 0.09999999999999992, "(18, 57)": -0.46808510638297884, "(19, 103)": 0, "(20, 47)": 1.866666666666667, "(20, 101)": 34.46666666666667, "(20, 109)": 39.46666666666667, "(20, 158)": 11.1, "(21, 28)": -1.2, "(21, 41)": 1.1, "(21, 147)": -0.5, "(21, 180)": -0.6000000000000001, "(21, 85)": 0, "(22, 44)": -0.3333333333333335, "(22, 92)": -0.6666666666666667, "(22, 135)": -0.8333333333333335, "(23, 62)": 0.0, "(23, 171)": -0.6666666666666667, "(24, 28)": 1.0499999999999998, "(24, 47)": 0.12499999999999978, "(24, 68)": 0.5, "(24, 84)": 2.458333333333333, "(24, 139)": 0, "(24, 159)": -0.75, "(24, 57)": 0.6170212765957444, "(25, 30)": 7.800000000000001, "(25, 75)": 5.5, "(26, 57)": -0.9787234042553192, "(26, 78)": 0.0, "(27, 74)": 0.0, "(27, 97)": -1.1, "(27, 91)": 0, "(28, 47)": 1.5999999999999999, "(28, 84)": 2.0000000000000004, "(29, 179)": 0, "(29, 57)": -0.9787234042553192, "(30, 57)": 5.229787234042553, "(30, 66)": 54.50909090909091, "(30, 67)": 27.400000000000002, "(30, 146)": 48.475, "(31, 158)": 1.1666666666666665, "(31, 57)": 0.1914893617021275, "(32, 57)": 0, "(33, 51)": 0, "(33, 57)": -0.9787234042553192, "(34, 57)": 0, "(35, 79)": 0, "(36, 151)": 0, "(37, 57)": 0, "(38, 169)": 1.0, "(38, 176)": 0.8, "(39, 66)": 0, "(40, 57)": 0, "(41, 66)": 17.772727272727273, "(41, 67)": 17.388888888888886, "(41, 57)": 4.563829787234043, "(42, 164)": 0.25, "(42, 57)": -0.46808510638297884, "(43, 104)": 0.24999999999999983, "(43, 57)": 0.03546099290780125, "(43, 95)": 1.1666666666666665, "(44, 134)": 0, "(45, 57)": 0, "(46, 57)": 1.5744680851063828, "(46, 176)": 5.199999999999999, "(48, 157)": 0.0, "(49, 66)": 29.090909090909093, "(49, 67)": 7.888888888888889, "(49, 146)": 29.125, "(50, 57)": -0.9787234042553192, "(50, 171)": -0.6666666666666667, "(52, 53)": 0, "(53, 92)": -0.8333333333333335, "(53, 57)": 0.824468085106383, "(54, 63)": 0, "(55, 57)": 0, "(56, 104)": 0, "(57, 58)": 0, "(57, 59)": 0, "(57, 60)": 0, "(57, 61)": 0, "(57, 68)": 0.1914893617021275, "(57, 71)": 0, "(57, 72)": -0.6524822695035462, "(57, 74)": -0.3191489361702129, "(57, 76)": 0, "(57, 77)": -0.3085106382978724, "(57, 80)": 0, "(57, 81)": 0, "(57, 82)": -1.3120567375886525, "(57, 84)": 0.3936170212765957, "(57, 86)": 0, "(57, 88)": 0, "(57, 89)": 2.25177304964539, "(57, 90)": 0, "(57, 95)": 0.1914893617021275, "(57, 96)": -0.7085106382978723, "(57, 98)": 0, "(57, 99)": 2.5638297872340425, "(57, 100)": 0, "(57, 103)": 0.730496453900709, "(57, 104)": -0.5585106382978722, "(57, 105)": 0.8723404255319148, "(57, 106)": 0, "(57, 107)": 0, "(57, 108)": 0, "(57, 109)": 0.03546099290780114, "(57, 110)": 0.028368794326241176, "(57, 112)": 0, "(57, 113)": 0, "(57, 114)": 0, "(57, 116)": -0.9787234042553192, "(57, 119)": 0, "(57, 123)": 0, "(57, 124)": 0, "(57, 127)": 0, "(57, 128)": -1.3120567375886525, "(57, 131)": 0, "(57, 132)": 0, "(57, 135)": 0.824468085106383, "(57, 141)": 0, "(57, 144)": 1.0638297872340423, "(57, 145)": 1.5744680851063828, "(57, 147)": 0.12234042553191515, "(57, 148)": 2.138297872340426, "(57, 153)": 3.3191489361702127, "(57, 154)": 2.3457446808510642, "(57, 155)": 2.1418439716312054, "(57, 156)": 0, "(57, 157)": -0.9787234042553192, "(57, 158)": 0.8475177304964534, "(57, 160)": 1.0744680851063828, "(57, 163)": 0, "(57, 164)": 0.9202127659574468, "(57, 165)": 2.9255319148936167, "(57, 168)": 2.1418439716312054, "(57, 170)": 0, "(57, 174)": 1.2723404255319148, "(57, 175)": -0.3085106382978724, "(57, 177)": -0.9787234042553192, "(57, 178)": 0, "(57, 182)": 0, "(57, 176)": 7.5574468085106385, "(62, 118)": -0.5, "(63, 137)": 5.25, "(63, 167)": 4.833333333333333, "(63, 176)": 4.799999999999999, "(64, 135)": 0, "(65, 158)": 1.1666666666666665, "(66, 75)": 29.56818181818182, "(66, 130)": 24.727272727272727, "(66, 144)": 8.727272727272727, "(66, 146)": 108.76136363636364, "(66, 150)": 20.690909090909088, "(66, 133)": 19.75, "(67, 89)": 12.222222222222223, "(67, 140)": 3.666666666666667, "(67, 148)": 15.388888888888886, "(67, 165)": 16.055555555555554, "(67, 181)": -0.7777777777777777, "(69, 93)": 20.875, "(69, 83)": 28.178571428571427, "(69, 138)": 24.55, "(69, 171)": 14.25, "(70, 70)": -0.6666666666666667, "(70, 96)": -0.9333333333333333, "(72, 121)": 0.33333333333333315, "(72, 172)": 0, "(75, 146)": 34.125, "(77, 125)": 1.1666666666666665, "(77, 175)": 1.333333333333333, "(78, 143)": 0, "(79, 104)": -0.5, "(82, 94)": 0, "(82, 102)": 0, "(83, 93)": 30.339285714285715, "(83, 103)": 7.9523809523809526, "(83, 129)": 28.178571428571427, "(83, 164)": 19.357142857142854, "(83, 174)": 16.17142857142857, "(87, 174)": 0, "(89, 150)": 4.666666666666667, "(92, 171)": -1.0, "(93, 110)": 0.7916666666666665, "(93, 129)": 20.875, "(93, 138)": 16.55, "(93, 171)": 11.666666666666666, "(93, 174)": 6.1, "(93, 180)": -0.75, "(96, 121)": -0.20000000000000007, "(96, 173)": 0, "(97, 118)": -1.1, "(97, 152)": 0, "(97, 165)": 0.7, "(99, 155)": 7.333333333333334, "(99, 105)": 2.9000000000000004, "(99, 115)": 0, "(99, 168)": 7.333333333333334, "(101, 109)": 78.0, "(101, 122)": 64.2, "(109, 122)": 53.16666666666667, "(110, 150)": 1.0666666666666667, "(111, 116)": 0, "(117, 181)": 0, "(118, 138)": -1.1, "(118, 177)": -0.5, "(120, 153)": 4.25, "(120, 160)": 4.0, "(125, 175)": 1.1666666666666665, "(126, 174)": 0, "(128, 128)": -0.6666666666666667, "(129, 138)": 24.55, "(129, 171)": 14.25, "(130, 146)": 28.25, "(133, 133)": 17.5, "(133, 146)": 22.375, "(136, 159)": 0, "(137, 167)": 5.583333333333333, "(137, 169)": 0.75, "(137, 176)": 7.0, "(138, 164)": 8.5, "(140, 149)": 2.5, "(145, 176)": 5.199999999999999, "(146, 150)": 23.725, "(147, 158)": 0.5833333333333333, "(147, 151)": -0.5, "(148, 149)": 7.25, "(149, 165)": 8.0, "(153, 160)": 4.833333333333333, "(153, 176)": 7.45, "(154, 162)": 4.25, "(155, 168)": 8.666666666666666, "(167, 176)": 5.133333333333333}