{"(0, 58)": -0.75, "(0, 121)": 0, "(1, 80)": 0, "(2, 8)": 0, "(3, 56)": 0, "(4, 66)": -1.1794871794871795, "(4, 146)": -0.6250000000000002, "(4, 164)": 0.49999999999999983, "(5, 20)": -0.3333333333333335, "(5, 56)": 0.5608974358974359, "(5, 101)": 0, "(6, 56)": 5.211538461538462, "(6, 171)": 17.928571428571427, "(7, 14)": 0, "(7, 34)": -0.7777777777777777, "(8, 173)": -0.7142857142857144, "(9, 56)": -0.9807692307692308, "(9, 106)": 0, "(10, 108)": 0, "(11, 94)": -1.1102230246251565e-16, "(11, 108)": -0.9333333333333333, "(11, 56)": -0.9711538461538463, "(12, 56)": 0, "(13, 13)": -0.6666666666666667, "(13, 58)": -1.0833333333333335, "(15, 15)": 33.00000000000001, "(15, 16)": 8.633333333333333, "(15, 22)": 13.45, "(15, 65)": 13.1, "(15, 165)": 13.1, "(15, 20)": -0.95, "(15, 57)": 20.825, "(15, 92)": 0, "(15, 174)": 0, "(16, 20)": 0.5277777777777779, "(16, 56)": 22.252136752136753, "(16, 59)": 3.1111111111111107, "(16, 60)": 0.33333333333333326, "(16, 85)": 0.7777777777777777, "(16, 123)": 0, "(16, 126)": 0.33333333333333326, "(16, 133)": 4.722222222222222, "(17, 29)": 0.4999999999999999, "(17, 56)": 1.4038461538461537, "(18, 126)": -0.3333333333333335, "(18, 139)": 0.0, "(19, 56)": 0, "(20, 115)": 0, "(21, 36)": 0.49999999999999983, "(21, 56)": 0.5608974358974359, "(21, 60)": 0.6666666666666665, "(22, 56)": 16.778846153846153, "(22, 57)": 28.5, "(22, 74)": 2.75, "(23, 127)": 147.7777777777778, "(23, 147)": 52.5, "(23, 56)": 46.04807692307692, "(23, 84)": 164.25, "(24, 40)": 0, "(24, 56)": -1.314102564102564, "(24, 130)": 0, "(25, 84)": 12.647058823529411, "(25, 167)": 2.0, "(26, 56)": 0, "(27, 56)": 0, "(28, 80)": 0.6000000000000001, "(28, 146)": 0.125, "(29, 97)": 0.4999999999999999, "(29, 162)": -0.6666666666666667, "(29, 56)": 2.4743589743589745, "(29, 126)": -0.5, "(29, 182)": 0, "(30, 146)": 3.875, "(30, 159)": 12.833333333333334, "(30, 56)": 8.987179487179489, "(31, 56)": 39.016025641025635, "(31, 84)": 135.5686274509804, "(31, 127)": 122.55555555555554, "(32, 56)": 0, "(33, 56)": 0, "(34, 34)": 116.22222222222221, "(34, 66)": 24.837606837606838, "(34, 84)": 118.50980392156863, "(34, 42)": 1.8888888888888888, "(34, 50)": 4.666666666666666, "(34, 56)": 38.006410256410255, "(34, 78)": 1.8888888888888888, "(35, 56)": 0, "(36, 60)": 0.49999999999999983, "(37, 56)": 0.8942307692307692, "(37, 83)": 0.33333333333333315, "(38, 56)": 0, "(39, 140)": 0.49999999999999983, "(39, 56)": 2.4551282051282053, "(39, 83)": 0.9999999999999999, "(41, 66)": 24.400000000000002, "(41, 84)": 133.7764705882353, "(41, 104)": 9.700000000000001, "(41, 118)": 9.700000000000001, "(41, 56)": 36.43269230769231, "(42, 93)": 1.0, "(43, 56)": 0, "(44, 159)": 6.5, "(44, 56)": 5.211538461538462, "(45, 45)": -0.6666666666666667, "(45, 108)": -0.9333333333333333, "(46, 95)": -0.6666666666666667, "(46, 56)": -0.9807692307692308, "(47, 84)": 87.80392156862744, "(47, 180)": 3.0000000000000004, "(47, 56)": 22.798076923076923, "(48, 74)": -0.3333333333333335, "(48, 141)": 0.0, "(49, 56)": -0.9807692307692308, "(49, 114)": 0, "(50, 68)": 2.9999999999999996, "(50, 150)": 4.666666666666666, "(51, 116)": 0, "(52, 56)": 0, "(53, 71)": 0, "(53, 56)": -0.9807692307692308, "(54, 125)": 1.0, "(54, 56)": -0.47115384615384626, "(55, 116)": 8.416666666666666, "(55, 56)": 25.03846153846154, "(55, 127)": 75.08333333333333, "(55, 173)": 6.928571428571428, "(56, 57)": 29.519230769230766, "(56, 59)": 8.939102564102566, "(56, 61)": 21.21153846153846, "(56, 62)": 39.016025641025635, "(56, 63)": 2.7884615384615388, "(56, 64)": 8.596153846153847, "(56, 65)": 14.721153846153847, "(56, 68)": 2.7884615384615388, "(56, 69)": 0, "(56, 74)": 0.9038461538461537, "(56, 75)": 5.211538461538462, "(56, 77)": 0, "(56, 79)": 6.64423076923077, "(56, 80)": 7.986538461538463, "(56, 81)": 2.7884615384615388, "(56, 82)": 10.586538461538462, "(56, 84)": 261.6792986425339, "(56, 85)": 0.9038461538461537, "(56, 87)": 5.211538461538462, "(56, 89)": -0.9807692307692308, "(56, 90)": 0.39423076923076916, "(56, 91)": 0, "(56, 93)": 0.8942307692307692, "(56, 94)": 2.7980769230769234, "(56, 97)": 1.4038461538461537, "(56, 98)": 0, "(56, 103)": 0, "(56, 104)": 3.2980769230769234, "(56, 109)": 0, "(56, 110)": 7.14423076923077, "(56, 112)": 0, "(56, 116)": 12.253205128205128, "(56, 117)": 1.4038461538461537, "(56, 118)": 3.2980769230769234, "(56, 119)": 2.7884615384615388, "(56, 124)": 0, "(56, 125)": -0.47115384615384626, "(56, 127)": 119.82264957264957, "(56, 128)": 0, "(56, 129)": 21.16025641025641, "(56, 131)": 33.76510989010989, "(56, 132)": 2.7884615384615388, "(56, 134)": -1.314102564102564, "(56, 135)": 0, "(56, 136)": 0, "(56, 137)": 0, "(56, 139)": -0.9807692307692308, "(56, 142)": 0, "(56, 143)": 0, "(56, 144)": 2.7980769230769234, "(56, 146)": 8.153846153846155, "(56, 147)": 27.17307692307692, "(56, 149)": 0, "(56, 150)": 8.596153846153847, "(56, 153)": 39.016025641025635, "(56, 154)": 0, "(56, 155)": 0, "(56, 159)": 16.71153846153846, "(56, 161)": 5.211538461538462, "(56, 165)": 14.721153846153847, "(56, 166)": 0, "(56, 167)": 2.307692307692308, "(56, 169)": 0, "(56, 170)": 7.14423076923077, "(56, 171)": 66.12637362637362, "(56, 172)": 0.8942307692307692, "(56, 178)": 4.7019230769230775, "(56, 179)": 0, "(56, 181)": 0, "(57, 65)": 24.333333333333332, "(57, 67)": -1.0833333333333335, "(57, 110)": 10.875, "(57, 165)": 24.333333333333332, "(57, 170)": 10.875, "(58, 88)": -0.125, "(58, 102)": -1.0250000000000001, "(58, 119)": 0.5, "(58, 163)": -1.0833333333333335, "(58, 63)": 0.5, "(58, 81)": 0.5, "(59, 159)": 9.5, "(61, 84)": 79.91176470588235, "(62, 84)": 135.5686274509804, "(62, 127)": 122.55555555555554, "(64, 82)": 6.7333333333333325, "(64, 133)": 8.0, "(66, 86)": -1.1794871794871795, "(66, 73)": -1.3461538461538463, "(66, 80)": 6.246153846153846, "(66, 95)": -1.5128205128205128, "(66, 102)": -1.4461538461538461, "(66, 131)": 24.285714285714285, "(66, 151)": -1.1794871794871795, "(66, 162)": -0.8461538461538463, "(66, 171)": 34.747252747252745, "(66, 180)": 6.246153846153846, "(67, 67)": -0.6666666666666667, "(70, 147)": 0, "(72, 108)": 0, "(73, 73)": -1.0, "(73, 158)": 0, "(75, 116)": 3.1666666666666665, "(76, 95)": -0.6666666666666667, "(76, 116)": -0.7777777777777777, "(78, 146)": 0.125, "(79, 82)": 3.6, "(79, 99)": 3.999999999999999, "(80, 176)": 0, "(82, 133)": 6.549999999999999, "(82, 144)": 2.8000000000000003, "(83, 140)": -0.25000000000000017, "(84, 127)": 369.9477124183006, "(84, 147)": 104.6470588235294, "(84, 153)": 135.5686274509804, "(84, 131)": 125.8655462184874, "(84, 171)": 213.39495798319328, "(84, 173)": 19.42857142857143, "(84, 177)": 12.313725490196077, "(84, 180)": 33.48235294117647, "(85, 111)": 0, "(86, 86)": -0.6666666666666667, "(87, 116)": 3.1666666666666665, "(88, 102)": 0.09999999999999992, "(89, 151)": -0.3333333333333335, "(90, 90)": -0.5, "(90, 140)": -0.5, "(94, 99)": 2.666666666666666, "(95, 95)": -1.3333333333333335, "(95, 157)": 0, "(96, 173)": 0, "(99, 132)": 2.9999999999999996, "(100, 131)": 0, "(102, 102)": -0.8, "(105, 144)": 0, "(107, 108)": 0, "(113, 171)": 4.999999999999999, "(113, 172)": 1.0, "(116, 141)": -0.7777777777777777, "(116, 160)": 0, "(116, 161)": 3.1666666666666665, "(117, 146)": 0.75, "(120, 140)": -0.5, "(120, 156)": -0.5, "(122, 167)": 0, "(127, 129)": 82.0, "(127, 153)": 122.55555555555554, "(127, 171)": 190.04761904761904, "(129, 171)": 43.61904761904762, "(131, 138)": 0, "(131, 168)": 2.571428571428571, "(131, 173)": 10.428571428571429, "(133, 178)": 6.25, "(134, 134)": -0.6666666666666667, "(145, 168)": 1.0, "(145, 173)": 0.14285714285714268, "(146, 148)": 0.75, "(146, 164)": -0.125, "(148, 148)": 1.0, "(148, 159)": 2.833333333333333, "(150, 159)": 7.0, "(151, 152)": 0, "(156, 156)": -1.0, "(156, 177)": -0.8333333333333335, "(163, 163)": -0.6666666666666667, "(167, 177)": 1.6666666666666665, "(173, 175)": -1.0476190476190477, "(175, 175)": -0.6666666666666667, "(180, 180)": 9.2}