{"(0, 20)": -1.4166666666666667, "(0, 28)": 6.0, "(0, 99)": 1.3333333333333333, "(0, 104)": 2.333333333333333, "(0, 200)": -0.6666666666666667, "(0, 7)": 0.16666666666666652, "(1, 98)": 0, "(2, 54)": 5.4, "(2, 98)": 4.049180327868853, "(3, 52)": 67.03030303030302, "(3, 204)": 75.2, "(3, 66)": 0.49999999999999983, "(4, 195)": -0.3333333333333335, "(4, 98)": -0.9836065573770492, "(5, 32)": 338.88571428571424, "(5, 45)": 306.7, "(5, 81)": 229.26666666666668, "(5, 101)": 229.26666666666668, "(5, 141)": 229.26666666666668, "(5, 168)": 332.1, "(5, 204)": 298.99999999999994, "(5, 211)": 321.8857142857143, "(5, 236)": 229.26666666666668, "(5, 246)": 229.26666666666668, "(6, 170)": 22.958333333333332, "(6, 98)": 24.721311475409838, "(6, 242)": 13.85, "(7, 242)": 0.7000000000000002, "(8, 98)": 5.494535519125683, "(8, 199)": 4.466666666666666, "(8, 201)": -0.8333333333333335, "(9, 44)": 0, "(10, 98)": 3.5409836065573774, "(10, 107)": 2.0, "(11, 87)": 11.0, "(11, 127)": 3.0, "(11, 47)": 0.25, "(11, 98)": 7.922131147540983, "(12, 12)": 11.25, "(12, 58)": 0.875, "(12, 64)": 1.1666666666666665, "(12, 98)": 12.352459016393443, "(12, 110)": 0, "(12, 144)": -0.025000000000000133, "(12, 152)": 10.458333333333334, "(13, 98)": 3.5409836065573774, "(13, 197)": 1.4, "(14, 98)": 0, "(15, 98)": 8.131147540983607, "(15, 186)": 12.0, "(16, 98)": 0, "(17, 98)": 0, "(18, 98)": 1.778688524590164, "(18, 130)": 1.1666666666666665, "(19, 98)": 0, "(20, 35)": 3.625, "(20, 149)": -0.20833333333333348, "(20, 170)": 14.5, "(20, 243)": 3.875, "(20, 83)": -0.75, "(20, 116)": 0, "(20, 222)": 0, "(21, 22)": -0.5, "(21, 242)": -0.8999999999999999, "(22, 22)": -1.0, "(22, 98)": -1.4836065573770492, "(23, 98)": 0, "(24, 62)": 1.0, "(24, 242)": 0.7000000000000002, "(25, 82)": 0.75, "(25, 113)": 0.75, "(25, 98)": 1.2868852459016393, "(25, 228)": 0, "(26, 201)": 0.0, "(26, 173)": 3.5384615384615388, "(27, 63)": 5.6, "(27, 111)": 1.833333333333333, "(27, 98)": 6.1775956284153, "(28, 28)": 32.66666666666667, "(28, 104)": 1.9999999999999996, "(28, 98)": 19.475409836065573, "(28, 242)": 14.833333333333336, "(29, 41)": 110.05714285714285, "(29, 126)": 76.71428571428571, "(29, 69)": 108.05714285714286, "(29, 79)": 68.68253968253968, "(29, 98)": 46.09953161592506, "(29, 103)": 19.428571428571427, "(29, 241)": 33.464285714285715, "(30, 52)": 67.36363636363636, "(30, 204)": 75.13333333333334, "(31, 44)": 30.113636363636363, "(31, 50)": 1.25, "(31, 102)": 7.416666666666666, "(31, 192)": 18.666666666666668, "(32, 97)": 338.88571428571424, "(32, 115)": 338.88571428571424, "(32, 98)": 43.03161592505854, "(32, 196)": 0, "(32, 199)": 21.4, "(32, 245)": 36.80952380952381, "(33, 53)": 0.16666666666666652, "(33, 98)": 3.2076502732240444, "(33, 206)": 0.33333333333333326, "(34, 104)": 2.0, "(34, 132)": 4.666666666666666, "(34, 192)": 4.666666666666666, "(35, 98)": 12.594262295081968, "(35, 170)": 24.25, "(35, 250)": 0, "(36, 175)": 0, "(37, 37)": 0.4444444444444444, "(37, 191)": -0.7777777777777777, "(37, 214)": 0, "(37, 98)": 5.050091074681238, "(37, 118)": -0.7777777777777777, "(37, 151)": -0.33333333333333326, "(37, 164)": 0, "(37, 197)": -0.04444444444444451, "(38, 145)": -0.5, "(38, 242)": -0.8999999999999999, "(39, 51)": 0, "(40, 98)": 0, "(41, 178)": 95.64444444444446, "(41, 44)": 186.23636363636365, "(41, 69)": 72.2, "(41, 98)": 59.54262295081967, "(41, 103)": 20.900000000000002, "(41, 122)": 99.60000000000001, "(41, 192)": 93.23333333333333, "(41, 226)": 26.2, "(41, 241)": 46.6, "(42, 121)": 0, "(43, 217)": 0, "(44, 122)": 111.45454545454545, "(44, 140)": 23.227272727272727, "(44, 173)": 184.7762237762238, "(44, 178)": 119.010101010101, "(44, 182)": 30.24242424242424, "(44, 241)": 25.84090909090909, "(44, 50)": 8.40909090909091, "(44, 98)": 54.093889716840536, "(45, 97)": 306.7, "(45, 115)": 306.7, "(45, 98)": 29.303278688524593, "(46, 54)": 18.933333333333334, "(46, 119)": 12.666666666666666, "(46, 129)": 22.0, "(47, 98)": -0.47540983606557374, "(48, 211)": -0.7142857142857144, "(48, 221)": 0, "(49, 52)": 67.36363636363636, "(49, 204)": 75.13333333333334, "(50, 72)": 0, "(50, 85)": 0.16666666666666652, "(50, 135)": 1.3333333333333333, "(50, 230)": 1.3333333333333333, "(51, 241)": 5.0, "(51, 103)": 2.6666666666666665, "(51, 162)": 0, "(52, 57)": 112.14545454545454, "(52, 70)": 67.36363636363636, "(52, 71)": 67.36363636363636, "(52, 86)": 104.9090909090909, "(52, 98)": 54.26751117734724, "(52, 114)": 104.9090909090909, "(52, 155)": 104.6590909090909, "(52, 190)": 104.9090909090909, "(53, 195)": -0.08333333333333348, "(53, 216)": 4.5, "(53, 176)": 0, "(54, 119)": 18.933333333333334, "(54, 129)": 67.06666666666666, "(54, 159)": 18.933333333333334, "(54, 165)": 18.933333333333334, "(54, 170)": 29.875, "(54, 87)": 11.9, "(54, 98)": 35.42622950819672, "(54, 127)": 4.800000000000001, "(55, 98)": 0, "(56, 98)": 0, "(57, 204)": 118.26666666666667, "(57, 64)": 9.466666666666667, "(57, 98)": 33.02950819672131, "(57, 152)": 28.733333333333334, "(58, 98)": 1.778688524590164, "(59, 98)": 0, "(60, 98)": 0, "(61, 160)": 0, "(62, 149)": 0.6666666666666665, "(63, 78)": 4.4, "(63, 92)": 17.433333333333337, "(63, 98)": 15.163934426229508, "(63, 219)": 0, "(64, 234)": 0, "(65, 173)": 0, "(66, 204)": -0.30000000000000004, "(67, 98)": 15.12704918032787, "(67, 147)": 25.875, "(67, 160)": 12.600000000000001, "(67, 186)": 34.33333333333333, "(68, 126)": 29.133333333333333, "(68, 79)": 32.22222222222222, "(68, 98)": 17.647540983606557, "(69, 126)": 94.60000000000001, "(69, 79)": 61.57777777777778, "(69, 98)": 38.122950819672134, "(70, 204)": 75.13333333333334, "(71, 204)": 75.13333333333334, "(73, 192)": 0, "(74, 203)": -0.5, "(74, 242)": -0.8999999999999999, "(75, 77)": 9.8, "(75, 153)": 9.05, "(75, 156)": 21.614285714285714, "(75, 172)": 20.733333333333334, "(75, 183)": 22.299999999999997, "(75, 184)": 25.8, "(75, 199)": 6.699999999999999, "(75, 98)": 39.863934426229505, "(75, 212)": 0, "(75, 231)": 0.9000000000000001, "(76, 98)": 0, "(77, 98)": 8.639344262295083, "(78, 87)": 8.166666666666666, "(78, 98)": 10.459016393442623, "(79, 79)": 161.33333333333334, "(79, 126)": 55.777777777777786, "(79, 132)": 22.055555555555554, "(79, 193)": 21.22222222222222, "(79, 213)": 21.22222222222222, "(80, 98)": 0, "(81, 97)": 229.26666666666668, "(81, 115)": 229.26666666666668, "(82, 98)": 1.778688524590164, "(83, 90)": 0, "(84, 197)": -0.6000000000000001, "(84, 199)": -0.6000000000000001, "(85, 102)": 0.9999999999999998, "(86, 204)": 113.06666666666668, "(86, 98)": 20.90710382513661, "(87, 229)": 6.5, "(88, 98)": 0, "(89, 195)": 0.26666666666666683, "(89, 202)": 4.800000000000001, "(89, 211)": 20.542857142857144, "(89, 216)": 10.100000000000001, "(89, 223)": 0.09999999999999992, "(91, 123)": 2.9999999999999996, "(91, 145)": 3.1666666666666665, "(91, 171)": 2.4166666666666665, "(92, 93)": 22.466666666666665, "(92, 161)": -1.0, "(92, 163)": 17.5, "(92, 170)": 34.75, "(92, 98)": 34.58196721311475, "(93, 98)": 17.5327868852459, "(93, 106)": 0, "(93, 163)": 11.333333333333334, "(93, 189)": 6.199999999999999, "(94, 98)": 0, "(95, 98)": 0, "(96, 112)": -0.3333333333333335, "(96, 217)": -0.9333333333333333, "(96, 98)": 0.9371584699453552, "(97, 168)": 332.1, "(97, 211)": 321.8857142857143, "(97, 101)": 229.26666666666668, "(97, 141)": 229.26666666666668, "(97, 204)": 298.99999999999994, "(97, 236)": 229.26666666666668, "(97, 246)": 229.26666666666668, "(98, 99)": 3.5409836065573774, "(98, 102)": 3.224043715846995, "(98, 104)": 12.295081967213115, "(98, 105)": 8.131147540983607, "(98, 109)": 15.139344262295081, "(98, 111)": 1.778688524590164, "(98, 113)": 1.778688524590164, "(98, 114)": 20.90710382513661, "(98, 123)": 3.5409836065573774, "(98, 124)": 3.5409836065573774, "(98, 125)": 4.049180327868853, "(98, 126)": 30.26229508196721, "(98, 129)": 12.78688524590164, "(98, 130)": 1.6202185792349728, "(98, 131)": 8.131147540983607, "(98, 132)": 17.008196721311478, "(98, 133)": 0, "(98, 134)": 0, "(98, 135)": 3.5409836065573774,